-- MySQL Script generated by MySQL Workbench
-- dom 12 jun 2016 21:52:56 ART
-- Model: New Model    Version: 1.0
-- MySQL Workbench Forward Engineering

SET @OLD_UNIQUE_CHECKS=@@UNIQUE_CHECKS, UNIQUE_CHECKS=0;
SET @OLD_FOREIGN_KEY_CHECKS=@@FOREIGN_KEY_CHECKS, FOREIGN_KEY_CHECKS=0;
SET @OLD_SQL_MODE=@@SQL_MODE, SQL_MODE='TRADITIONAL,ALLOW_INVALID_DATES';

-- -----------------------------------------------------
-- Schema rep_resolutions
-- -----------------------------------------------------

-- -----------------------------------------------------
-- Schema rep_resolutions
-- -----------------------------------------------------
CREATE SCHEMA IF NOT EXISTS `rep_resolutions` DEFAULT CHARACTER SET utf8 ;
USE `rep_resolutions` ;

-- -----------------------------------------------------
-- Table `rep_resolutions`.`profile`
-- -----------------------------------------------------
CREATE TABLE IF NOT EXISTS `rep_resolutions`.`profile` (
  `id` INT NOT NULL AUTO_INCREMENT,
  `cod` VARCHAR(45) NOT NULL,
  `description` VARCHAR(100) NOT NULL,
  `updated_at` DATETIME NULL,
  `created_at` DATETIME NULL,
  `status` INT NULL,
  PRIMARY KEY (`id`),
  UNIQUE INDEX `id_UNIQUE` (`id` ASC),
  UNIQUE INDEX `cod_UNIQUE` (`cod` ASC))
ENGINE = InnoDB;


-- -----------------------------------------------------
-- Table `rep_resolutions`.`user`
-- -----------------------------------------------------
CREATE TABLE IF NOT EXISTS `rep_resolutions`.`user` (
  `id` INT NOT NULL AUTO_INCREMENT,
  `dni` INT NOT NULL,
  `name` VARCHAR(200) NOT NULL,
  `lastname` VARCHAR(200) NOT NULL,
  `email` VARCHAR(100) NOT NULL,
  `address` VARCHAR(200) NULL,
  `phone` VARCHAR(45) NULL,
  `photo` VARCHAR(100) NULL,
  `updated_at` DATETIME NULL,
  `created_at` DATETIME NULL,
  `status` INT NULL DEFAULT 0,
  `profile` INT NOT NULL,
  `expedient` VARCHAR(150) NULL,
  PRIMARY KEY (`id`),
  UNIQUE INDEX `id_UNIQUE` (`id` ASC),
  UNIQUE INDEX `dni_UNIQUE` (`dni` ASC),
  INDEX `fk_user_profile_idx` (`profile` ASC),
  CONSTRAINT `fk_user_profile`
    FOREIGN KEY (`profile`)
    REFERENCES `rep_resolutions`.`profile` (`id`)
    ON DELETE NO ACTION
    ON UPDATE NO ACTION)
ENGINE = InnoDB;


-- -----------------------------------------------------
-- Table `rep_resolutions`.`authenticacion`
-- -----------------------------------------------------
CREATE TABLE IF NOT EXISTS `rep_resolutions`.`authenticacion` (
  `id` INT NOT NULL AUTO_INCREMENT,
  `dni` INT NOT NULL,
  `password` TEXT NOT NULL,
  `status` INT NOT NULL,
  `updated_at` DATETIME NULL,
  `created_at` DATETIME NULL,
  `user` INT NOT NULL,
  `remember_token` VARCHAR(100) NULL,
  `hash_enabled` VARCHAR(200) NULL,
  PRIMARY KEY (`id`),
  INDEX `fk_authenticacion_user1_idx` (`user` ASC),
  UNIQUE INDEX `dni_UNIQUE` (`dni` ASC),
  UNIQUE INDEX `id_UNIQUE` (`id` ASC),
  CONSTRAINT `fk_authenticacion_user1`
    FOREIGN KEY (`user`)
    REFERENCES `rep_resolutions`.`user` (`id`)
    ON DELETE NO ACTION
    ON UPDATE NO ACTION)
ENGINE = InnoDB;


-- -----------------------------------------------------
-- Table `rep_resolutions`.`career`
-- -----------------------------------------------------
CREATE TABLE IF NOT EXISTS `rep_resolutions`.`career` (
  `id` INT NOT NULL AUTO_INCREMENT,
  `description` VARCHAR(150) NOT NULL,
  `updated_at` DATETIME NULL,
  `created_at` DATETIME NULL,
  `status` INT NULL,
  PRIMARY KEY (`id`),
  UNIQUE INDEX `id_UNIQUE` (`id` ASC))
ENGINE = InnoDB;


-- -----------------------------------------------------
-- Table `rep_resolutions`.`area_resolution`
-- -----------------------------------------------------
CREATE TABLE IF NOT EXISTS `rep_resolutions`.`area_resolution` (
  `id` INT NOT NULL AUTO_INCREMENT,
  `description` VARCHAR(100) NOT NULL,
  `created_at` DATETIME NULL,
  `updated_at` DATETIME NULL,
  PRIMARY KEY (`id`))
ENGINE = InnoDB;


-- -----------------------------------------------------
-- Table `rep_resolutions`.`type_resolutions`
-- -----------------------------------------------------
CREATE TABLE IF NOT EXISTS `rep_resolutions`.`type_resolutions` (
  `id` INT NOT NULL AUTO_INCREMENT,
  `area` INT NOT NULL,
  `description` VARCHAR(150) NOT NULL,
  `updated_at` DATETIME NULL,
  `created_at` DATETIME NULL,
  `status` INT NULL,
  PRIMARY KEY (`id`),
  UNIQUE INDEX `id_UNIQUE` (`id` ASC),
  INDEX `fk_type_resolutions_area_resolution1_idx` (`area` ASC),
  CONSTRAINT `fk_type_resolutions_area_resolution1`
    FOREIGN KEY (`area`)
    REFERENCES `rep_resolutions`.`area_resolution` (`id`)
    ON DELETE NO ACTION
    ON UPDATE NO ACTION)
ENGINE = InnoDB;


-- -----------------------------------------------------
-- Table `rep_resolutions`.`user_career`
-- -----------------------------------------------------
CREATE TABLE IF NOT EXISTS `rep_resolutions`.`user_career` (
  `id` INT NOT NULL AUTO_INCREMENT,
  `user` INT NOT NULL,
  `career` INT NOT NULL,
  `updated_at` DATETIME NULL,
  `created_at` DATETIME NULL,
  `status` INT NULL DEFAULT 1,
  PRIMARY KEY (`id`),
  UNIQUE INDEX `id_UNIQUE` (`id` ASC),
  INDEX `fk_user_career_career1_idx` (`career` ASC),
  INDEX `fk_user_career_user1_idx` (`user` ASC),
  CONSTRAINT `fk_user_career_career1`
    FOREIGN KEY (`career`)
    REFERENCES `rep_resolutions`.`career` (`id`)
    ON DELETE NO ACTION
    ON UPDATE NO ACTION,
  CONSTRAINT `fk_user_career_user1`
    FOREIGN KEY (`user`)
    REFERENCES `rep_resolutions`.`user` (`id`)
    ON DELETE NO ACTION
    ON UPDATE NO ACTION)
ENGINE = InnoDB;


-- -----------------------------------------------------
-- Table `rep_resolutions`.`resolutions`
-- -----------------------------------------------------
CREATE TABLE IF NOT EXISTS `rep_resolutions`.`resolutions` (
  `id` INT NOT NULL AUTO_INCREMENT,
  `tresolution` INT NOT NULL,
  `nresolution` VARCHAR(45) NOT NULL,
  `description` VARCHAR(250) NULL,
  `filepath` VARCHAR(200) NULL,
  `dateresolution` DATE NULL,
  `created_at` DATETIME NULL,
  `updated_at` DATETIME NULL,
  PRIMARY KEY (`id`),
  UNIQUE INDEX `id_UNIQUE` (`id` ASC),
  INDEX `fk_user_resolutions_type_resolutions1_idx` (`tresolution` ASC),
  CONSTRAINT `fk_user_resolutions_type_resolutions1`
    FOREIGN KEY (`tresolution`)
    REFERENCES `rep_resolutions`.`type_resolutions` (`id`)
    ON DELETE NO ACTION
    ON UPDATE NO ACTION)
ENGINE = InnoDB;


-- -----------------------------------------------------
-- Table `rep_resolutions`.`career_res`
-- -----------------------------------------------------
CREATE TABLE IF NOT EXISTS `rep_resolutions`.`career_res` (
  `id` INT NOT NULL AUTO_INCREMENT,
  `career` INT NOT NULL,
  `resolution` INT NOT NULL,
  `created_at` DATETIME NULL,
  `updated_at` DATETIME NULL,
  PRIMARY KEY (`id`),
  UNIQUE INDEX `id_UNIQUE` (`id` ASC),
  INDEX `fk_career_res_career1_idx` (`career` ASC),
  INDEX `fk_career_res_resolutions1_idx` (`resolution` ASC),
  CONSTRAINT `fk_career_res_career1`
    FOREIGN KEY (`career`)
    REFERENCES `rep_resolutions`.`career` (`id`)
    ON DELETE NO ACTION
    ON UPDATE NO ACTION,
  CONSTRAINT `fk_career_res_resolutions1`
    FOREIGN KEY (`resolution`)
    REFERENCES `rep_resolutions`.`resolutions` (`id`)
    ON DELETE NO ACTION
    ON UPDATE NO ACTION)
ENGINE = InnoDB;


-- -----------------------------------------------------
-- Table `rep_resolutions`.`student_res`
-- -----------------------------------------------------
CREATE TABLE IF NOT EXISTS `rep_resolutions`.`student_res` (
  `id` INT NOT NULL AUTO_INCREMENT,
  `student` INT NOT NULL,
  `resolution` INT NOT NULL,
  `created_at` DATETIME NULL,
  `updated_at` DATETIME NULL,
  PRIMARY KEY (`id`),
  UNIQUE INDEX `id_UNIQUE` (`id` ASC),
  INDEX `fk_student_res_user1_idx` (`student` ASC),
  INDEX `fk_student_res_resolutions1_idx` (`resolution` ASC),
  CONSTRAINT `fk_student_res_user1`
    FOREIGN KEY (`student`)
    REFERENCES `rep_resolutions`.`user` (`id`)
    ON DELETE NO ACTION
    ON UPDATE NO ACTION,
  CONSTRAINT `fk_student_res_resolutions1`
    FOREIGN KEY (`resolution`)
    REFERENCES `rep_resolutions`.`resolutions` (`id`)
    ON DELETE NO ACTION
    ON UPDATE NO ACTION)
ENGINE = InnoDB;


SET SQL_MODE=@OLD_SQL_MODE;
SET FOREIGN_KEY_CHECKS=@OLD_FOREIGN_KEY_CHECKS;
SET UNIQUE_CHECKS=@OLD_UNIQUE_CHECKS;

-- -----------------------------------------------------
-- Data for table `rep_resolutions`.`profile`
-- -----------------------------------------------------
START TRANSACTION;
USE `rep_resolutions`;
INSERT INTO `rep_resolutions`.`profile` (`id`, `cod`, `description`, `updated_at`, `created_at`, `status`) VALUES (1, 'GR_SECRE', 'Perfil de Secretaría', NULL, NULL, NULL);
INSERT INTO `rep_resolutions`.`profile` (`id`, `cod`, `description`, `updated_at`, `created_at`, `status`) VALUES (2, 'GR_STUDS', 'Perfil de Alumno', NULL, NULL, NULL);
INSERT INTO `rep_resolutions`.`profile` (`id`, `cod`, `description`, `updated_at`, `created_at`, `status`) VALUES (3, 'GR_DIRECT', 'Perfil de Director de Carrera', NULL, NULL, NULL);
INSERT INTO `rep_resolutions`.`profile` (`id`, `cod`, `description`, `updated_at`, `created_at`, `status`) VALUES (4, 'GR_SROOT', 'Administrador', NULL, NULL, NULL);

COMMIT;


-- -----------------------------------------------------
-- Data for table `rep_resolutions`.`user`
-- -----------------------------------------------------
START TRANSACTION;
USE `rep_resolutions`;
INSERT INTO `rep_resolutions`.`user` (`id`, `dni`, `name`, `lastname`, `email`, `address`, `phone`, `photo`, `updated_at`, `created_at`, `status`, `profile`, `expedient`) VALUES (DEFAULT, 987654321, 'Admin', 'Admin', 'Email@email.com', NULL, NULL, NULL, NULL, NULL, 1, DEFAULT, NULL);

COMMIT;


-- -----------------------------------------------------
-- Data for table `rep_resolutions`.`authenticacion`
-- -----------------------------------------------------
START TRANSACTION;
USE `rep_resolutions`;
INSERT INTO `rep_resolutions`.`authenticacion` (`id`, `dni`, `password`, `status`, `updated_at`, `created_at`, `user`, `remember_token`, `hash_enabled`) VALUES (1, 987654321, '$2a$10$kSgujgM9DL9pJeRngThfduI3LmVI6y5g68wyCt0KBQCf43eCLUcje', 0, NULL, NULL, DEFAULT, NULL, NULL);

COMMIT;


-- -----------------------------------------------------
-- Data for table `rep_resolutions`.`career`
-- -----------------------------------------------------
START TRANSACTION;
USE `rep_resolutions`;
INSERT INTO `rep_resolutions`.`career` (`id`, `description`, `updated_at`, `created_at`, `status`) VALUES (1, 'Admisión', NULL, NULL, NULL);
INSERT INTO `rep_resolutions`.`career` (`id`, `description`, `updated_at`, `created_at`, `status`) VALUES (2, 'Inscripción', NULL, NULL, NULL);
INSERT INTO `rep_resolutions`.`career` (`id`, `description`, `updated_at`, `created_at`, `status`) VALUES (3, 'Aprobación 1er. Informe', NULL, NULL, NULL);
INSERT INTO `rep_resolutions`.`career` (`id`, `description`, `updated_at`, `created_at`, `status`) VALUES (4, 'Aprobación 2do. Informe', NULL, NULL, NULL);
INSERT INTO `rep_resolutions`.`career` (`id`, `description`, `updated_at`, `created_at`, `status`) VALUES (5, 'Aprobación 3er. Informe', NULL, NULL, NULL);
INSERT INTO `rep_resolutions`.`career` (`id`, `description`, `updated_at`, `created_at`, `status`) VALUES (6, 'Aprobación 4to. Informe', NULL, NULL, NULL);
INSERT INTO `rep_resolutions`.`career` (`id`, `description`, `updated_at`, `created_at`, `status`) VALUES (7, 'Aprobación 5to. Informe', NULL, NULL, NULL);
INSERT INTO `rep_resolutions`.`career` (`id`, `description`, `updated_at`, `created_at`, `status`) VALUES (8, 'Cambio de título', NULL, NULL, NULL);
INSERT INTO `rep_resolutions`.`career` (`id`, `description`, `updated_at`, `created_at`, `status`) VALUES (9, 'Cambio de director y/o codirector', NULL, NULL, NULL);
INSERT INTO `rep_resolutions`.`career` (`id`, `description`, `updated_at`, `created_at`, `status`) VALUES (10, 'Informe final  y designación de jurado', NULL, NULL, NULL);
INSERT INTO `rep_resolutions`.`career` (`id`, `description`, `updated_at`, `created_at`, `status`) VALUES (11, 'Otro', NULL, NULL, NULL);

COMMIT;


-- -----------------------------------------------------
-- Data for table `rep_resolutions`.`area_resolution`
-- -----------------------------------------------------
START TRANSACTION;
USE `rep_resolutions`;
INSERT INTO `rep_resolutions`.`area_resolution` (`id`, `description`, `created_at`, `updated_at`) VALUES (1, 'Carrera', NULL, NULL);
INSERT INTO `rep_resolutions`.`area_resolution` (`id`, `description`, `created_at`, `updated_at`) VALUES (2, 'Alumnos', NULL, NULL);

COMMIT;


-- -----------------------------------------------------
-- Data for table `rep_resolutions`.`type_resolutions`
-- -----------------------------------------------------
START TRANSACTION;
USE `rep_resolutions`;
INSERT INTO `rep_resolutions`.`type_resolutions` (`id`, `area`, `description`, `updated_at`, `created_at`, `status`) VALUES (1, 2, 'Doctorado en Ciencias Biológicas', NULL, NULL, );
INSERT INTO `rep_resolutions`.`type_resolutions` (`id`, `area`, `description`, `updated_at`, `created_at`, `status`) VALUES (2, 2, 'Doctorado en Geología', NULL, NULL, );
INSERT INTO `rep_resolutions`.`type_resolutions` (`id`, `area`, `description`, `updated_at`, `created_at`, `status`) VALUES (3, 2, 'Doctorado en Arqueología', NULL, NULL, );
INSERT INTO `rep_resolutions`.`type_resolutions` (`id`, `area`, `description`, `updated_at`, `created_at`, `status`) VALUES (4, 2, 'Doctorado en Riesgos Naturales y Estudios geológicos de campo', NULL, NULL, );
INSERT INTO `rep_resolutions`.`type_resolutions` (`id`, `area`, `description`, `updated_at`, `created_at`, `status`) VALUES (5, 2, 'Maestría en Entomología', NULL, NULL, );
INSERT INTO `rep_resolutions`.`type_resolutions` (`id`, `area`, `description`, `updated_at`, `created_at`, `status`) VALUES (6, 2, 'Maestría en Gestión Ambiental', NULL, NULL, );
INSERT INTO `rep_resolutions`.`type_resolutions` (`id`, `area`, `description`, `updated_at`, `created_at`, `status`) VALUES (7, 2, 'Maestría en Museología', NULL, NULL, );
INSERT INTO `rep_resolutions`.`type_resolutions` (`id`, `area`, `description`, `updated_at`, `created_at`, `status`) VALUES (8, 1, 'Creación', NULL, NULL, NULL);
INSERT INTO `rep_resolutions`.`type_resolutions` (`id`, `area`, `description`, `updated_at`, `created_at`, `status`) VALUES (9, 1, 'Aprobación Director y Vicedirector', NULL, NULL, NULL);
INSERT INTO `rep_resolutions`.`type_resolutions` (`id`, `area`, `description`, `updated_at`, `created_at`, `status`) VALUES (10, 1, 'Aprobación Comité Académico', NULL, NULL, NULL);
INSERT INTO `rep_resolutions`.`type_resolutions` (`id`, `area`, `description`, `updated_at`, `created_at`, `status`) VALUES (11, 1, 'Cambio de Plan de Estudios', NULL, NULL, NULL);
INSERT INTO `rep_resolutions`.`type_resolutions` (`id`, `area`, `description`, `updated_at`, `created_at`, `status`) VALUES (12, 1, 'Incorporación de cursos', NULL, NULL, NULL);
INSERT INTO `rep_resolutions`.`type_resolutions` (`id`, `area`, `description`, `updated_at`, `created_at`, `status`) VALUES (13, 1, 'Renovación de Comité Académico', NULL, NULL, NULL);
INSERT INTO `rep_resolutions`.`type_resolutions` (`id`, `area`, `description`, `updated_at`, `created_at`, `status`) VALUES (14, 1, 'Aprobación de Reglamento Interno', NULL, NULL, NULL);
INSERT INTO `rep_resolutions`.`type_resolutions` (`id`, `area`, `description`, `updated_at`, `created_at`, `status`) VALUES (15, 1, 'Modificación de Reglamento Interno', NULL, NULL, NULL);
INSERT INTO `rep_resolutions`.`type_resolutions` (`id`, `area`, `description`, `updated_at`, `created_at`, `status`) VALUES (16, 1, 'Acreditación de CONEAU', NULL, NULL, NULL);
INSERT INTO `rep_resolutions`.`type_resolutions` (`id`, `area`, `description`, `updated_at`, `created_at`, `status`) VALUES (17, 1, 'Validez oficial del título', NULL, NULL, NULL);
INSERT INTO `rep_resolutions`.`type_resolutions` (`id`, `area`, `description`, `updated_at`, `created_at`, `status`) VALUES (18, 1, 'Otras', NULL, NULL, NULL);

COMMIT;

